{
    "sandboxMissionName" : "7cav_zeus_sandbox",
    "worlds" : {
        "Altis" : [14180.181,19.533018,16286.612],
        "Bootcamp_ACR" : [1736.0146,339.00143,1821.2036],
        "Chernarus_Winter" : [4734.9082,339.00143,10321.878],
        "chernarus_summer" : [4734.9082,339.00143,10321.878],
        "chernarus" : [4734.9082,339.00143,10321.878],
        "clafghan" : [15444.673,2.832844,709.26642],
        "Desert_E" : [1356.26,40.934971,1456.3073],
        "fallujah" : [7798.8213,7.0014391,1834.03],
        "intro" : [2599.9934,13.861439,2851.6333],
        "lythium" : [12284.305,32.930412,1994.9125],
        "Malden" : [757.7951,28.921438,12122.284],
        "Mountains_ACR" : [4541.0576,145.40143,6041.1016],
        "pja319" : [1607.7159,637.45093,3306.1414],
        "porto" : [2572.7817,5.030777,2394.7749],
        "pja310" : [1315.1356,15.050012,985.10767],
        "pja307" : [5353.0347,273.7785,14497.363],
        "pja308" : [7668.6006,7.7759309,10451.485],
        "pja306" : [15625.017,398,12116.016],
        "pja314" : [753.32843,143.50633,1481.077],
        "ProvingGrounds_PMC" : [710.72131,51.721439,1171.8711],
        "ruha" : [6680.1616,46.671436,1116.3844],
        "WL_Rosche" : [765.18744,15.131439,4760.374],
        "sara_dbe1" : [9561.6406,139.99643,9872.0205],
        "sara" : [9561.6406,139.99643,9872.0205],
        "saralite" : [4679.4258,139.98586,7108.8965],
        "Shapur_BAF" : [712.9986,35.381439,409.31555],
        "Stratis" : [2159.5532,6.0014391,5690.1865],
        "takistan" : [6112.4971,83.041443,11524.703],
        "Tanoa" : [11785.61,6.9514389,13067.984],
        "tem_anizay" : [8325.8467,111.54144,7032.5669],
        "utes" : [1375.572,15.88654,962.66998],
        "VR" : [7439.9927,5.0014391,7568.0435],
        "Woodland_ACR" : [4692.2144,6.0036001,1175.9294],
        "zargabad" : [4967.8613,29.545662,6143.1611]
    },
    "inactive_worlds" : {
        "Mog" : [8241.5498,3.2092922,5366.6777],
        "prei_khmaoch_luong" : [5677.208,111.26981,4182.6396]
    },
    "mission.sqm" : {
        "briefingName" : "Zeus Sandbox v$0",
        "overviewText" : "This is a zeus sandbox mission developed for custom mission making and sandbox mission building. This template can also be used by squads to conduct training. The folowing scrip package have been installed on this mission: $1"
    },
    "description.ext" : {
        "author" :"SGT Brostrom.A",
        "onLoadName" : "Zeus Sandbox v$0",
        "onLoadMission" : "7th Cavalry - S3 1BN Battle Staff Sandbox",
        "onLoadIntro" : "S3 1BN Battle Staff Sandbox",
        "respawnOnStart" : "1",
        "add" : []
    },
    "init.sqf" : {
        "add" : []
    },
    "cba_settings.sqf" : {
        "add" : [
            "// cScripts Mission Settings",
            "force force cScripts_Settings_allowCustomInit = true;",
            "force force cScripts_Settings_allowCustomTagging = true;",
            "force force cScripts_Settings_allowInsigniaApplication = true;",
            "force force cScripts_Settings_curatorImmortality = false;",
            "force force cScripts_Settings_enable7cavZeusModules = true;",
            "force force cScripts_Settings_enableStartHint = true;",
            "force force cScripts_Settings_enforceEyewereBlacklist = true;",
            "force force cScripts_Settings_jumpSimulation = 1;",
            "force force cScripts_Settings_jumpSimulationGlasses = true;",
            "force force cScripts_Settings_jumpSimulationHat = true;",
            "force force cScripts_Settings_jumpSimulationNVG = true;",
            "force force cScripts_Settings_setAiSystemDifficulty = 0;",
            "force force cScripts_Settings_setCustomHintText = \"Be creative!\";",
            "force force cScripts_Settings_setCustomHintTopic = \"Zeus Sandbox v$0\"",
            "force force cScripts_Settings_setMissionType = 3;",
            "force force cScripts_Settings_setPlayerRank = true;",
            "force force cScripts_Settings_setRadio = true;",
            "force force cScripts_Settings_setStartupDelay = 30;",
            "force force cScripts_Settings_showDiaryRecords = true;",
            "force force cScripts_Settings_useCustomSupplyInventory = false;",
            "force force cScripts_Settings_useCustomVehicleInventory = true;",
            "force force cScripts_Settings_useCustomVehicleSettings = true;"
        ]
    }
}
