{
    "sandboxMissionName" : "7cav_zeus_sandbox",
    "worlds" : {
        "Altis" : [14180.181,19.533018,16286.612],
        "Beketov" : [2187.8704,33.461834,7131.4131],
        "Bootcamp_ACR" : [1736.0146,339.00143,1821.2036],
        "chernarus_summer" : [4734.9082,339.00143,10321.878],
        "Chernarus_Winter" : [4734.9082,339.00143,10321.878],
        "chernarus" : [4734.9082,339.00143,10321.878],
        "Desert_E" : [1356.26,40.934971,1456.3073],
        "dingor" : [4144.9014,23.641438,1643.5021],
        "Enoch" : [4243.1367,69.167007,10407.151],
        "fallujah" : [7798.8213,7.0014391,1834.03],
        "intro" : [2599.9934,13.861439,2851.6333],
        "Khoramshahr": [1234.5387,7.8220773,296.56223],
        "lingor3" : [4145.4453,23.641438,1644.5016],
        "lythium": [12284.305,32.930412,1994.9125],
        "Malden" : [757.7951,28.921438,12122.284],
        "Mountains_ACR" : [4541.0576,145.40143,6041.1016],
        "oski_corran" : [3822.2632,22.001438,8916.0537],
        "pja305": [13518.923,9.3421516,833.9837],
        "pja306" : [15625.017,398,12116.016],
        "pja307" : [5353.0347,273.7785,14497.363],
        "pja308" : [7668.6006,7.7759309,10451.485],
        "pja310" : [1315.1356,15.050012,985.10767],
        "pja312" : [11679.443,7.5951834,7567.0566],
        "porto" : [2572.7817,5.030777,2394.7749],
        "ProvingGrounds_PMC" : [710.72131,51.721439,1171.8711],
        "reshmaan" : [4418.8579,138.96906,18084.068],
        "rof_mok" : [9714.5977,8.8206348,19765.531],
        "rut_mandol" : [24199.045,5.3264656,11311.933],
        "sara_dbe1" : [9561.6406,139.99643,9872.0205],
        "sara" : [9561.6406,139.99643,9872.0205],
        "saralite" : [4679.4258,139.98586,7108.8965],
        "Shapur_BAF" : [712.9986,35.381439,409.31555],
        "Stratis" : [2159.5532,6.0014391,5690.1865],
        "takistan" : [6112.4971,83.041443,11524.703],
        "Tanoa" : [2308.5623,11.624011,13188.962],
        "tem_anizay" : [8334.2842,111.54144,7033.1167],
        "tem_kujari": [12048.478,20.761438,15087.24],
        "tem_suursaariv": [1133.5532,3.0014389,5126.8618],
        "Tembelan" : [8855.3047,1.9914389,4779.1719],
        "UMB_Colombia" : [2609.5627,34.998344,7240.6836],
        "utes" : [1375.572,15.88654,962.66998],
        "VR" : [7439.9927,5.0014391,7568.0435],
        "WL_Rosche" : [765.18744,15.131439,4760.374],
        "Woodland_ACR" : [4692.2144,6.0036001,1175.9294],
        "zargabad" : [4967.8613,29.545662,6143.1611]
    },
    "inactive_worlds" : {
        "abel": [701.88397,28.965271,12077.249],
        "bozcaada" : [7947.96,18.12056,12249.938],
        "cain": [1930.2211,7.0247927,11759.995],
        "chernarusredux" : [12230.213,159.02339,12588.442],
        "clafghan" : [15397.197,2.8328435,843.40723],
        "Esseker" : [36.651447,139.58144,2760.229],
        "fata" : [2101.8367,21.604599,267.96603],
        "hellanmaa": [58.168327,45.877998,74.17363],
        "hellanmaaw": [58.168327,45.877998,74.17363],
        "isladuala3" : [4256.0117,15.251439,2130.021],
        "Kunduz": [1434.059,43.039223,3660.7322],
        "Mog" : [8241.5498,3.2092922,5366.6777],
        "Napf": [16412.383,40.549366,18473.67],
        "NapfWinter": [16412.383,40.549366,18473.67],
        "noe": [9056.167,17.857883,12524.282],
        "panthera3" : [959.83557,13.361439,9660.8418],
        "pja314" : [753.32843,143.50633,1481.077],
        "pja319" : [1607.7159,637.45093,3306.1414],
        "prei_khmaoch_luong" : [5677.208,111.26981,4182.6396],
        "ruha" : [6680.1616,46.671436,1116.3844],
        "tem_vinjesvingenc": [4967.106,2.03,1055.7616],
        "vt7" : [877.31897,13.261437,3009.231],
        "Winthera3" : [959.83557,13.361439,9660.8418]
    },
    "mission.sqm" : {
        "briefingName" : "Zeus Sandbox v$0",
        "overviewText" : "This is a zeus sandbox mission developed for custom mission making and sandbox mission building. This template can also be used by squads to conduct training. cScripts v$1 is installed on this mission."
    },
    "description.ext" : {
        "author" :"CPL Brostrom.A",
        "onLoadName" : "Zeus Sandbox v$0",
        "onLoadMission" : "7th Cavalry - S3 1BN Battle Staff Sandbox",
        "onLoadIntro" : "S3 1BN Battle Staff Sandbox",
        "respawnOnStart" : "1",
        "CfgFunctions" : [],
        "add" : []
    },
    "init.sqf" : {
        "add" : []
    },
    "cba_settings.sqf" : {
        "add" : [
            "// cScripts Mission Settings",
            "force force cScripts_Settings_addEarplugs = true;",
            "force force cScripts_Settings_allowCustomTagging = true;",
            "force force cScripts_Settings_allowInsigniaApplication = true;",
            "force force cScripts_Settings_allowReplaceItem = true;",
            "force force cScripts_Settings_enable7cavZeusModules = true;",
            "force force cScripts_Settings_enableACRE = true;",
            "force force cScripts_Settings_enableVehicleInventory = true;",
            "force force cScripts_Settings_enableVehiclePylon = true;",
            "force force cScripts_Settings_enableVehicleRadios = false;",
            "force force cScripts_Settings_enableVehicleSystem = true;",
            "force force cScripts_Settings_jumpSimulation = 2;",
            "force force cScripts_Settings_jumpSimulationGlasses = true;",
            "force force cScripts_Settings_jumpSimulationHat = true;",
            "force force cScripts_Settings_jumpSimulationNVG = true;",
            "force force cScripts_Settings_primaryClanTag = \"7CAV\";",
            "force force cScripts_Settings_replaceHandGrenades = 2;",
            "force force cScripts_Settings_replaceMedical = 1;",
            "force force cScripts_Settings_replaceSmokeGrenades = 1;",
            "force force cScripts_Settings_replaceStunGrenades = 1;",
            "force force cScripts_Settings_setAiSystemDifficulty = 2;",
            "force force cScripts_Settings_setMissionType = 1;",
            "force force cScripts_Settings_setPlayerRank = true;",
            "force force cScripts_Settings_setRadio = true;",
            "force force cScripts_Settings_setRadioChannelNames = \"[\"\"UNUSED\"\",\"\"AVIATION\"\",\"\"VIKING\"\",\"\"LANCER\"\",\"\"BANSHEE\"\",\"\"SABRE\"\",\"\"BANDIT\"\",\"\"MISFIT\"\",\"\"HAVOC\"\",\"\"IDF-1\"\",\"\"IDF-2\"\",\"\"CAS-1\"\",\"\"CAS-2\"\",\"\"GROUND-TO-AIR\"\",\"\"ATLAS\"\",\"\"FARP\"\",\"\"CONVOY\"\",\"\"ZEUS\"\",\"\"CAG\"\",\"\"COMMAND\"\"]\";",
            "force force cScripts_Settings_showAllLoadouts = false;",
            "force force cScripts_Settings_showDiaryRecords = true;",
            "force force cScripts_Settings_vehicleFactions = \"[\"\"BLU_F\"\", \"\"BLU_CTRG_F\"\", \"\"BLU_T_F\"\", \"\"BLU_USA_7CAV_F\"\", \"\"rhs_faction_usaf\"\", \"\"rhs_faction_usarmy\"\", \"\"rhs_faction_usarmy_d\"\", \"\"rhs_faction_usarmy_wd\"\", \"\"rhs_faction_usmc\"\", \"\"rhs_faction_usmc_d\"\", \"\"rhs_faction_usmc_wd\"\", \"\"rhs_faction_usn\"\"]\";"            
        ]
    }
}


